locator_domain,location_name,street_address,city,state,zip,country_code,store_number,phone,location_type,latitude,longitude,hours_of_operation,page_url
https://www.pizzapizza.ca/locations/,300 Harwood Avenue South,300 Harwood Avenue South,Ajax,ON,L1S2J1,CA,<MISSING>,<MISSING>,<MISSING>,<MISSING>,<MISSING>,"['Monday : 11:00 AM - 02:00 AM', 'Tuesday : 11:00 AM - 02:00 AM', 'Wednesday : 11:00 AM - 02:00 AM', 'Thursday : 11:00 AM - 03:00 AM', 'Friday : 11:00 AM - 03:00 AM', 'Saturday : 11:00 AM - 03:00 AM', 'Sunday : 11:00 AM - 02:00 AM']",https://www5.pizzapizza.ca/restaurant-locator/Ontario/Ajax
https://www.pizzapizza.ca/locations/,945 Innisfil Beach Road,945 Innisfil Beach Road,Alcona,ON,L9S1V3,CA,<MISSING>,<MISSING>,<MISSING>,<MISSING>,<MISSING>,"['Monday : 11:00 AM - 11:59 PM', 'Tuesday : 11:00 AM - 11:59 PM', 'Wednesday : 11:00 AM - 11:59 PM', 'Thursday : 11:00 AM - 01:00 AM', 'Friday : 11:00 AM - 03:00 AM', 'Saturday : 11:00 AM - 03:00 AM', 'Sunday : 11:00 AM - 11:59 PM']",https://www5.pizzapizza.ca/restaurant-locator/Ontario/Alcona
https://www.pizzapizza.ca/locations/,176 Victoria Street East,176 Victoria Street East,Alliston,ON,L9R1K6,CA,<MISSING>,<MISSING>,<MISSING>,<MISSING>,<MISSING>,"['Monday : 11:00 AM - 11:59 PM', 'Tuesday : 11:00 AM - 11:59 PM', 'Wednesday : 11:00 AM - 11:59 PM', 'Thursday : 11:00 AM - 01:00 AM', 'Friday : 11:00 AM - 03:00 AM', 'Saturday : 11:00 AM - 03:00 AM', 'Sunday : 11:00 AM - 11:59 PM']",https://www5.pizzapizza.ca/restaurant-locator/Ontario/Alliston
https://www.pizzapizza.ca/locations/,73 Wilson Street West,73 Wilson Street West,Ancaster,ON,L9G1N1,CA,<MISSING>,<MISSING>,<MISSING>,<MISSING>,<MISSING>,"['Monday : 11:00 AM - 11:59 PM', 'Tuesday : 11:00 AM - 11:59 PM', 'Wednesday : 11:00 AM - 11:59 PM', 'Thursday : 11:00 AM - 11:59 PM', 'Friday : 11:00 AM - 03:00 AM', 'Saturday : 11:00 AM - 03:00 AM', 'Sunday : 11:00 AM - 11:59 PM']",https://www5.pizzapizza.ca/restaurant-locator/Ontario/Ancaster
https://www.pizzapizza.ca/locations/,193 Mill Street,193 Mill Street,Angus,ON,L0M1B0,CA,<MISSING>,<MISSING>,<MISSING>,<MISSING>,<MISSING>,"['Monday : 11:00 AM - 11:59 PM', 'Tuesday : 11:00 AM - 11:59 PM', 'Wednesday : 11:00 AM - 11:59 PM', 'Thursday : 11:00 AM - 01:00 AM', 'Friday : 11:00 AM - 03:00 AM', 'Saturday : 11:00 AM - 03:00 AM', 'Sunday : 11:00 AM - 11:59 PM']",https://www5.pizzapizza.ca/restaurant-locator/Ontario/Angus
https://www.pizzapizza.ca/locations/,375 Daniel Street South,375 Daniel Street South,Arnprior,ON,K7S3K6,CA,<MISSING>,<MISSING>,<MISSING>,<MISSING>,<MISSING>,"['Monday : 11:00 AM - 10:00 PM', 'Tuesday : 11:00 AM - 10:00 PM', 'Wednesday : 11:00 AM - 10:00 PM', 'Thursday : 11:00 AM - 10:00 PM', 'Friday : 11:00 AM - 11:59 PM', 'Saturday : 11:00 AM - 11:59 PM', 'Sunday : 11:00 AM - 10:00 PM']",https://www5.pizzapizza.ca/restaurant-locator/Ontario/Arnprior
https://www.pizzapizza.ca/locations/,14846 Yonge Street,14846 Yonge Street,Aurora,ON,L4G1N2,CA,<MISSING>,<MISSING>,<MISSING>,<MISSING>,<MISSING>,"['Monday : 11:00 AM - 11:59 PM', 'Tuesday : 11:00 AM - 11:59 PM', 'Wednesday : 11:00 AM - 11:59 PM', 'Thursday : 11:00 AM - 11:59 PM', 'Friday : 11:00 AM - 03:00 AM', 'Saturday : 11:00 AM - 03:00 AM', 'Sunday : 11:00 AM - 11:59 PM']",https://www5.pizzapizza.ca/restaurant-locator/Ontario/Aurora
https://www.pizzapizza.ca/locations/,17 Station Street,17 Station Street,Bancroft,ON,K0L1C0,CA,<MISSING>,<MISSING>,<MISSING>,<MISSING>,<MISSING>,"['Monday : 11:00 AM - 11:00 PM', 'Tuesday : 11:00 AM - 11:00 PM', 'Wednesday : 11:00 AM - 11:00 PM', 'Thursday : 11:00 AM - 11:00 PM', 'Friday : 11:00 AM - 02:00 AM', 'Saturday : 11:00 AM - 02:00 AM', 'Sunday : 11:00 AM - 11:00 PM']",https://www5.pizzapizza.ca/restaurant-locator/Ontario/Bancroft
https://www.pizzapizza.ca/locations/,3171 Strandherd Drive,3171 Strandherd Drive,Barrhaven,ON,K2J5N1,CA,<MISSING>,<MISSING>,<MISSING>,<MISSING>,<MISSING>,"['Monday : 11:00 AM - 11:59 PM', 'Tuesday : 11:00 AM - 11:59 PM', 'Wednesday : 11:00 AM - 11:59 PM', 'Thursday : 11:00 AM - 03:00 AM', 'Friday : 11:00 AM - 03:00 AM', 'Saturday : 11:00 AM - 03:00 AM', 'Sunday : 11:00 AM - 11:59 PM']",https://www5.pizzapizza.ca/restaurant-locator/Ontario/Barrhaven
https://www.pizzapizza.ca/locations/,410 Essa Road,410 Essa Road,Barrie,ON,L4N9J7,CA,<MISSING>,<MISSING>,<MISSING>,<MISSING>,<MISSING>,"['Monday : 11:00 AM - 02:00 AM', 'Tuesday : 11:00 AM - 02:00 AM', 'Wednesday : 11:00 AM - 02:00 AM', 'Thursday : 11:00 AM - 03:00 AM', 'Friday : 11:00 AM - 03:00 AM', 'Saturday : 11:00 AM - 03:00 AM', 'Sunday : 11:00 AM - 02:00 AM']",https://www5.pizzapizza.ca/restaurant-locator/Ontario/Barrie
https://www.pizzapizza.ca/locations/,170 North Front St.,170 North Front St.,Belleville,ON,K8P3B8,CA,<MISSING>,<MISSING>,<MISSING>,<MISSING>,<MISSING>,"['Monday : 11:00 AM - 02:00 AM', 'Tuesday : 11:00 AM - 02:00 AM', 'Wednesday : 11:00 AM - 02:00 AM', 'Thursday : 11:00 AM - 03:00 AM', 'Friday : 11:00 AM - 03:00 AM', 'Saturday : 11:00 AM - 03:00 AM', 'Sunday : 11:00 AM - 02:00 AM']",https://www5.pizzapizza.ca/restaurant-locator/Ontario/Belleville
https://www.pizzapizza.ca/locations/,1 Queensgate Boulevard,1 Queensgate Boulevard,Bolton,ON,L7E1A1,CA,<MISSING>,<MISSING>,<MISSING>,<MISSING>,<MISSING>,"['Monday : 11:00 AM - 11:59 PM', 'Tuesday : 11:00 AM - 11:59 PM', 'Wednesday : 11:00 AM - 11:59 PM', 'Thursday : 11:00 AM - 01:00 AM', 'Friday : 11:00 AM - 03:00 AM', 'Saturday : 11:00 AM - 03:00 AM', 'Sunday : 11:00 AM - 11:59 PM']",https://www5.pizzapizza.ca/restaurant-locator/Ontario/Bolton
https://www.pizzapizza.ca/locations/,570 Longworth Ave.,570 Longworth Ave.,Bowmanville,ON,L1C0E8,CA,<MISSING>,<MISSING>,<MISSING>,<MISSING>,<MISSING>,"['Monday : 11:00 AM - 02:00 AM', 'Tuesday : 11:00 AM - 02:00 AM', 'Wednesday : 11:00 AM - 02:00 AM', 'Thursday : 11:00 AM - 03:00 AM', 'Friday : 11:00 AM - 03:00 AM', 'Saturday : 11:00 AM - 03:00 AM', 'Sunday : 11:00 AM - 02:00 AM']",https://www5.pizzapizza.ca/restaurant-locator/Ontario/Bowmanville
https://www.pizzapizza.ca/locations/,168 Holland Street West,168 Holland Street West,Bradford,ON,L3Z1H7,CA,<MISSING>,<MISSING>,<MISSING>,<MISSING>,<MISSING>,"['Monday : 11:00 AM - 11:59 PM', 'Tuesday : 11:00 AM - 11:59 PM', 'Wednesday : 11:00 AM - 11:59 PM', 'Thursday : 11:00 AM - 01:00 AM', 'Friday : 11:00 AM - 03:00 AM', 'Saturday : 11:00 AM - 03:00 AM', 'Sunday : 11:00 AM - 11:59 PM']",https://www5.pizzapizza.ca/restaurant-locator/Ontario/Bradford
https://www.pizzapizza.ca/locations/,980 Central Park Drive,980 Central Park Drive,Bramalea,ON,L6S3L7,CA,<MISSING>,<MISSING>,<MISSING>,<MISSING>,<MISSING>,"['Monday : 11:00 AM - 02:00 AM', 'Tuesday : 11:00 AM - 02:00 AM', 'Wednesday : 11:00 AM - 02:00 AM', 'Thursday : 11:00 AM - 03:00 AM', 'Friday : 11:00 AM - 03:00 AM', 'Saturday : 11:00 AM - 03:00 AM', 'Sunday : 11:00 AM - 02:00 AM']",https://www5.pizzapizza.ca/restaurant-locator/Ontario/Bramalea
https://www.pizzapizza.ca/locations/,34 Avondale Boulevard,34 Avondale Boulevard,Brampton,ON,L6T1H3,CA,<MISSING>,<MISSING>,<MISSING>,<MISSING>,<MISSING>,"['Monday : 11:00 AM - 02:00 AM', 'Tuesday : 11:00 AM - 02:00 AM', 'Wednesday : 11:00 AM - 02:00 AM', 'Thursday : 11:00 AM - 03:00 AM', 'Friday : 11:00 AM - 03:00 AM', 'Saturday : 11:00 AM - 03:00 AM', 'Sunday : 11:00 AM - 02:00 AM']",https://www5.pizzapizza.ca/restaurant-locator/Ontario/Brampton
https://www.pizzapizza.ca/locations/,110 603 Colborne Street East,110 603 Colborne Street East,Brantford,ON,N3S7S8,CA,<MISSING>,<MISSING>,<MISSING>,<MISSING>,<MISSING>,"['Monday : 11:00 AM - 02:00 AM', 'Tuesday : 11:00 AM - 02:00 AM', 'Wednesday : 11:00 AM - 02:00 AM', 'Thursday : 11:00 AM - 03:00 AM', 'Friday : 11:00 AM - 03:00 AM', 'Saturday : 11:00 AM - 03:00 AM', 'Sunday : 11:00 AM - 02:00 AM']",https://www5.pizzapizza.ca/restaurant-locator/Ontario/Brantford
https://www.pizzapizza.ca/locations/,2539 Parkedale Avenue,2539 Parkedale Avenue,Brockville,ON,K6V3H2,CA,<MISSING>,<MISSING>,<MISSING>,<MISSING>,<MISSING>,"['Monday : 11:00 AM - 11:59 PM', 'Tuesday : 11:00 AM - 11:59 PM', 'Wednesday : 11:00 AM - 11:59 PM', 'Thursday : 11:00 AM - 01:00 AM', 'Friday : 11:00 AM - 03:00 AM', 'Saturday : 11:00 AM - 03:00 AM', 'Sunday : 11:00 AM - 11:59 PM']",https://www5.pizzapizza.ca/restaurant-locator/Ontario/Brockville
https://www.pizzapizza.ca/locations/,595 Plains Road East,595 Plains Road East,Burlington,ON,L7T2E6,CA,<MISSING>,<MISSING>,<MISSING>,<MISSING>,<MISSING>,"['Monday : 11:00 AM - 02:00 AM', 'Tuesday : 11:00 AM - 02:00 AM', 'Wednesday : 11:00 AM - 02:00 AM', 'Thursday : 11:00 AM - 03:00 AM', 'Friday : 11:00 AM - 03:00 AM', 'Saturday : 11:00 AM - 03:00 AM', 'Sunday : 11:00 AM - 02:00 AM']",https://www5.pizzapizza.ca/restaurant-locator/Ontario/Burlington
https://www.pizzapizza.ca/locations/,345 Argyle Street South,345 Argyle Street South,Caledonia,ON,N3W1L8,CA,<MISSING>,<MISSING>,<MISSING>,<MISSING>,<MISSING>,"['Monday : 11:00 AM - 11:59 PM', 'Tuesday : 11:00 AM - 11:59 PM', 'Wednesday : 11:00 AM - 11:59 PM', 'Thursday : 11:00 AM - 11:59 PM', 'Friday : 11:00 AM - 02:00 AM', 'Saturday : 11:00 AM - 02:00 AM', 'Sunday : 11:00 AM - 11:59 PM']",https://www5.pizzapizza.ca/restaurant-locator/Ontario/Caledonia
https://www.pizzapizza.ca/locations/,# 35 200 Franklin Blvd.,# 35 200 Franklin Blvd.,Cambridge,ON,N1R8N8,CA,<MISSING>,<MISSING>,<MISSING>,<MISSING>,<MISSING>,"['Monday : 11:00 AM - 11:59 PM', 'Tuesday : 11:00 AM - 11:59 PM', 'Wednesday : 11:00 AM - 11:59 PM', 'Thursday : 11:00 AM - 03:00 AM', 'Friday : 11:00 AM - 03:00 AM', 'Saturday : 11:00 AM - 03:00 AM', 'Sunday : 11:00 AM - 11:59 PM']",https://www5.pizzapizza.ca/restaurant-locator/Ontario/Cambridge
https://www.pizzapizza.ca/locations/,10418 Highway 7,10418 Highway 7,Carleton Place,ON,K7C0C4,CA,<MISSING>,<MISSING>,<MISSING>,<MISSING>,<MISSING>,"['Monday : 11:00 AM - 10:00 PM', 'Tuesday : 11:00 AM - 10:00 PM', 'Wednesday : 11:00 AM - 10:00 PM', 'Thursday : 11:00 AM - 10:00 PM', 'Friday : 11:00 AM - 01:00 AM', 'Saturday : 11:00 AM - 01:00 AM', 'Sunday : 11:00 AM - 10:00 PM']",https://www5.pizzapizza.ca/restaurant-locator/Ontario/Carleton_Place
https://www.pizzapizza.ca/locations/,100 King Street West,100 King Street West,Cobourg,ON,K9A2M3,CA,<MISSING>,<MISSING>,<MISSING>,<MISSING>,<MISSING>,"['Monday : 11:00 AM - 11:59 PM', 'Tuesday : 11:00 AM - 11:59 PM', 'Wednesday : 11:00 AM - 11:59 PM', 'Thursday : 11:00 AM - 11:59 PM', 'Friday : 11:00 AM - 03:00 AM', 'Saturday : 11:00 AM - 03:00 AM', 'Sunday : 11:00 AM - 11:59 PM']",https://www5.pizzapizza.ca/restaurant-locator/Ontario/Cobourg
https://www.pizzapizza.ca/locations/,36 Coldwater Rd,36 Coldwater Rd,Coldwater,ON,L0K1E0,CA,<MISSING>,<MISSING>,<MISSING>,<MISSING>,<MISSING>,"['Monday : 11:00 AM - 10:00 PM', 'Tuesday : 11:00 AM - 10:00 PM', 'Wednesday : 11:00 AM - 10:00 PM', 'Thursday : 11:00 AM - 10:00 PM', 'Friday : 11:00 AM - 10:00 PM', 'Saturday : 11:00 AM - 10:00 PM', 'Sunday : 11:00 AM - 10:00 PM']",https://www5.pizzapizza.ca/restaurant-locator/Ontario/Coldwater
https://www.pizzapizza.ca/locations/,5 Balsam Street,5 Balsam Street,Collingwood,ON,L9Y5H6,CA,<MISSING>,<MISSING>,<MISSING>,<MISSING>,<MISSING>,"['Monday : 11:00 AM - 02:00 AM', 'Tuesday : 11:00 AM - 02:00 AM', 'Wednesday : 11:00 AM - 02:00 AM', 'Thursday : 11:00 AM - 03:00 AM', 'Friday : 11:00 AM - 03:00 AM', 'Saturday : 11:00 AM - 03:00 AM', 'Sunday : 11:00 AM - 02:00 AM']",https://www5.pizzapizza.ca/restaurant-locator/Ontario/Collingwood
https://www.pizzapizza.ca/locations/,1334 Second Street East,1334 Second Street East,Cornwall,ON,K6H2B7,CA,<MISSING>,<MISSING>,<MISSING>,<MISSING>,<MISSING>,"['Monday : 11:00 AM - 02:00 AM', 'Tuesday : 11:00 AM - 02:00 AM', 'Wednesday : 11:00 AM - 02:00 AM', 'Thursday : 11:00 AM - 03:00 AM', 'Friday : 11:00 AM - 03:00 AM', 'Saturday : 11:00 AM - 03:00 AM', 'Sunday : 11:00 AM - 02:00 AM']",https://www5.pizzapizza.ca/restaurant-locator/Ontario/Cornwall
https://www.pizzapizza.ca/locations/,4 Cootes Drive,4 Cootes Drive,Dundas,ON,L9H1A9,CA,<MISSING>,<MISSING>,<MISSING>,<MISSING>,<MISSING>,"['Monday : 11:00 AM - 11:59 PM', 'Tuesday : 11:00 AM - 11:59 PM', 'Wednesday : 11:00 AM - 11:59 PM', 'Thursday : 11:00 AM - 11:59 PM', 'Friday : 11:00 AM - 03:00 AM', 'Saturday : 11:00 AM - 03:00 AM', 'Sunday : 11:00 AM - 11:59 PM']",https://www5.pizzapizza.ca/restaurant-locator/Ontario/Dundas
https://www.pizzapizza.ca/locations/,769 Tower Street South,769 Tower Street South,Fergus,ON,N1M2R2,CA,<MISSING>,<MISSING>,<MISSING>,<MISSING>,<MISSING>,"['Monday : 11:00 AM - 11:59 PM', 'Tuesday : 11:00 AM - 11:59 PM', 'Wednesday : 11:00 AM - 11:59 PM', 'Thursday : 11:00 AM - 01:00 AM', 'Friday : 11:00 AM - 03:00 AM', 'Saturday : 11:00 AM - 03:00 AM', 'Sunday : 11:00 AM - 11:59 PM']",https://www5.pizzapizza.ca/restaurant-locator/Ontario/Fergus
https://www.pizzapizza.ca/locations/,310 Garrison Road,310 Garrison Road,Fort Erie,ON,L2A1M9,CA,<MISSING>,<MISSING>,<MISSING>,<MISSING>,<MISSING>,"['Monday : 11:00 AM - 11:59 PM', 'Tuesday : 11:00 AM - 11:59 PM', 'Wednesday : 11:00 AM - 11:59 PM', 'Thursday : 11:00 AM - 11:59 PM', 'Friday : 11:00 AM - 03:00 AM', 'Saturday : 11:00 AM - 03:00 AM', 'Sunday : 11:00 AM - 11:59 PM']",https://www5.pizzapizza.ca/restaurant-locator/Ontario/Fort_Erie
https://www.pizzapizza.ca/locations/,216 Guelph Street,216 Guelph Street,Georgetown,ON,L7G4A9,CA,<MISSING>,<MISSING>,<MISSING>,<MISSING>,<MISSING>,"['Monday : 11:00 AM - 02:00 AM', 'Tuesday : 11:00 AM - 02:00 AM', 'Wednesday : 11:00 AM - 02:00 AM', 'Thursday : 11:00 AM - 03:00 AM', 'Friday : 11:00 AM - 03:00 AM', 'Saturday : 11:00 AM - 03:00 AM', 'Sunday : 11:00 AM - 02:00 AM']",https://www5.pizzapizza.ca/restaurant-locator/Ontario/Georgetown
https://www.pizzapizza.ca/locations/,20993 Dalton Road,20993 Dalton Road,Georgina,ON,L0E1L0,CA,<MISSING>,<MISSING>,<MISSING>,<MISSING>,<MISSING>,"['Monday : 11:00 AM - 10:00 PM', 'Tuesday : 11:00 AM - 10:00 PM', 'Wednesday : 11:00 AM - 10:00 PM', 'Thursday : 11:00 AM - 10:00 PM', 'Friday : 11:00 AM - 11:59 PM', 'Saturday : 11:00 AM - 11:59 PM', 'Sunday : 11:00 AM - 10:00 PM']",https://www5.pizzapizza.ca/restaurant-locator/Ontario/Georgina
https://www.pizzapizza.ca/locations/,1950 Montreal Road,1950 Montreal Road,Gloucester,ON,K1J6N2,CA,<MISSING>,<MISSING>,<MISSING>,<MISSING>,<MISSING>,"['Monday : 11:00 AM - 11:59 PM', 'Tuesday : 11:00 AM - 11:59 PM', 'Wednesday : 11:00 AM - 11:59 PM', 'Thursday : 11:00 AM - 11:59 PM', 'Friday : 11:00 AM - 03:00 AM', 'Saturday : 11:00 AM - 03:00 AM', 'Sunday : 11:00 AM - 11:59 PM']",https://www5.pizzapizza.ca/restaurant-locator/Ontario/Gloucester
https://www.pizzapizza.ca/locations/,196 Muskoka Road South,196 Muskoka Road South,Gravenhurst,ON,P1P1X3,CA,<MISSING>,<MISSING>,<MISSING>,<MISSING>,<MISSING>,"['Monday : 11:00 AM - 10:00 PM', 'Tuesday : 11:00 AM - 10:00 PM', 'Wednesday : 11:00 AM - 10:00 PM', 'Thursday : 11:00 AM - 11:00 PM', 'Friday : 11:00 AM - 11:59 PM', 'Saturday : 11:00 AM - 11:59 PM', 'Sunday : 11:00 AM - 10:00 PM']",https://www5.pizzapizza.ca/restaurant-locator/Ontario/Gravenhurst
https://www.pizzapizza.ca/locations/,63 Main Street West,63 Main Street West,Grimsby,ON,L3M4H1,CA,<MISSING>,<MISSING>,<MISSING>,<MISSING>,<MISSING>,"['Monday : 11:00 AM - 11:59 PM', 'Tuesday : 11:00 AM - 11:59 PM', 'Wednesday : 11:00 AM - 11:59 PM', 'Thursday : 11:00 AM - 11:59 PM', 'Friday : 11:00 AM - 02:00 AM', 'Saturday : 11:00 AM - 02:00 AM', 'Sunday : 11:00 AM - 11:59 PM']",https://www5.pizzapizza.ca/restaurant-locator/Ontario/Grimsby
https://www.pizzapizza.ca/locations/,4 380 Eramosa Road,4 380 Eramosa Road,Guelph,ON,N1E6R2,CA,<MISSING>,<MISSING>,<MISSING>,<MISSING>,<MISSING>,"['Monday : 11:00 AM - 02:00 AM', 'Tuesday : 11:00 AM - 02:00 AM', 'Wednesday : 11:00 AM - 02:00 AM', 'Thursday : 11:00 AM - 03:00 AM', 'Friday : 11:00 AM - 03:00 AM', 'Saturday : 11:00 AM - 03:00 AM', 'Sunday : 11:00 AM - 02:00 AM']",https://www5.pizzapizza.ca/restaurant-locator/Ontario/Guelph
https://www.pizzapizza.ca/locations/,1294 King Street East,1294 King Street East,Hamilton,ON,L8M1N5,CA,<MISSING>,<MISSING>,<MISSING>,<MISSING>,<MISSING>,"['Monday : 11:00 AM - 02:00 AM', 'Tuesday : 11:00 AM - 02:00 AM', 'Wednesday : 11:00 AM - 02:00 AM', 'Thursday : 11:00 AM - 03:00 AM', 'Friday : 11:00 AM - 03:00 AM', 'Saturday : 11:00 AM - 03:00 AM', 'Sunday : 11:00 AM - 02:00 AM']",https://www5.pizzapizza.ca/restaurant-locator/Ontario/Hamilton
https://www.pizzapizza.ca/locations/,173 Main Street East,173 Main Street East,Hawkesbury,ON,K6A1A1,CA,<MISSING>,<MISSING>,<MISSING>,<MISSING>,<MISSING>,"['Monday : 11:00 AM - 11:59 PM', 'Tuesday : 11:00 AM - 11:59 PM', 'Wednesday : 11:00 AM - 11:59 PM', 'Thursday : 11:00 AM - 11:59 PM', 'Friday : 11:00 AM - 03:00 AM', 'Saturday : 11:00 AM - 03:00 AM', 'Sunday : 11:00 AM - 11:59 PM']",https://www5.pizzapizza.ca/restaurant-locator/Ontario/Hawkesbury
https://www.pizzapizza.ca/locations/,368 Queen Street West,368 Queen Street West,Hespeler,ON,N3C1G8,CA,<MISSING>,<MISSING>,<MISSING>,<MISSING>,<MISSING>,"['Monday : 11:00 AM - 02:00 AM', 'Tuesday : 11:00 AM - 02:00 AM', 'Wednesday : 11:00 AM - 02:00 AM', 'Thursday : 11:00 AM - 03:00 AM', 'Friday : 11:00 AM - 03:00 AM', 'Saturday : 11:00 AM - 03:00 AM', 'Sunday : 11:00 AM - 02:00 AM']",https://www5.pizzapizza.ca/restaurant-locator/Ontario/Hespeler
https://www.pizzapizza.ca/locations/,1 19466 Old Yonge Street,1 19466 Old Yonge Street,Holland Landing,ON,L9N1L8,CA,<MISSING>,<MISSING>,<MISSING>,<MISSING>,<MISSING>,"['Monday : 11:00 AM - 11:59 PM', 'Tuesday : 11:00 AM - 11:59 PM', 'Wednesday : 11:00 AM - 11:59 PM', 'Thursday : 11:00 AM - 11:59 PM', 'Friday : 11:00 AM - 03:00 AM', 'Saturday : 11:00 AM - 03:00 AM', 'Sunday : 11:00 AM - 11:59 PM']",https://www5.pizzapizza.ca/restaurant-locator/Ontario/Holland_Landing
https://www.pizzapizza.ca/locations/,"1, P.O. 90 Main Street East","1, P.O. 90 Main Street East",Huntsville,ON,P1H2C7,CA,<MISSING>,<MISSING>,<MISSING>,<MISSING>,<MISSING>,"['Monday : 11:00 AM - 11:59 PM', 'Tuesday : 11:00 AM - 11:59 PM', 'Wednesday : 11:00 AM - 11:59 PM', 'Thursday : 11:00 AM - 01:00 AM', 'Friday : 11:00 AM - 03:00 AM', 'Saturday : 11:00 AM - 03:00 AM', 'Sunday : 11:00 AM - 11:59 PM']",https://www5.pizzapizza.ca/restaurant-locator/Ontario/Huntsville
https://www.pizzapizza.ca/locations/,6A 300 Earl Grey Drive,6A 300 Earl Grey Drive,Kanata,ON,K2T1B8,CA,<MISSING>,<MISSING>,<MISSING>,<MISSING>,<MISSING>,"['Monday : 11:00 AM - 11:59 PM', 'Tuesday : 11:00 AM - 11:59 PM', 'Wednesday : 11:00 AM - 11:59 PM', 'Thursday : 11:00 AM - 11:59 PM', 'Friday : 11:00 AM - 03:00 AM', 'Saturday : 11:00 AM - 03:00 AM', 'Sunday : 11:00 AM - 11:59 PM']",https://www5.pizzapizza.ca/restaurant-locator/Ontario/Kanata
https://www.pizzapizza.ca/locations/,457 The Queensway South,457 The Queensway South,Keswick,ON,L4P2C9,CA,<MISSING>,<MISSING>,<MISSING>,<MISSING>,<MISSING>,"['Monday : 11:00 AM - 10:00 PM', 'Tuesday : 11:00 AM - 10:00 PM', 'Wednesday : 11:00 AM - 10:00 PM', 'Thursday : 11:00 AM - 10:59 PM', 'Friday : 11:00 AM - 11:59 PM', 'Saturday : 11:00 AM - 11:59 PM', 'Sunday : 11:00 AM - 10:00 PM']",https://www5.pizzapizza.ca/restaurant-locator/Ontario/Keswick
https://www.pizzapizza.ca/locations/,2075 King Side Road,2075 King Side Road,King City,ON,L0G1K0,CA,<MISSING>,<MISSING>,<MISSING>,<MISSING>,<MISSING>,"['Monday : 11:00 AM - 08:00 PM', 'Tuesday : 11:00 AM - 08:00 PM', 'Wednesday : 11:00 AM - 08:00 PM', 'Thursday : 11:00 AM - 08:00 PM', 'Friday : 11:00 AM - 10:00 PM', 'Saturday : 11:00 AM - 10:00 PM', 'Sunday : 11:00 AM - 08:00 PM']",https://www5.pizzapizza.ca/restaurant-locator/Ontario/King_City
https://www.pizzapizza.ca/locations/,760 highway 15,760 highway 15,Kingston,ON,K6V6B2,CA,<MISSING>,<MISSING>,<MISSING>,<MISSING>,<MISSING>,"['Monday : 11:00 AM - 11:59 PM', 'Tuesday : 11:00 AM - 11:59 PM', 'Wednesday : 11:00 AM - 11:59 PM', 'Thursday : 11:00 AM - 11:59 PM', 'Friday : 11:00 AM - 03:00 AM', 'Saturday : 11:00 AM - 03:00 AM', 'Sunday : 11:00 AM - 11:59 PM']",https://www5.pizzapizza.ca/restaurant-locator/Ontario/Kingston
https://www.pizzapizza.ca/locations/,875 Highland Road West,875 Highland Road West,Kitchener,ON,N2N2Y2,CA,<MISSING>,<MISSING>,<MISSING>,<MISSING>,<MISSING>,"['Monday : 11:00 AM - 02:00 AM', 'Tuesday : 11:00 AM - 02:00 AM', 'Wednesday : 11:00 AM - 02:00 AM', 'Thursday : 11:00 AM - 03:00 AM', 'Friday : 11:00 AM - 03:00 AM', 'Saturday : 11:00 AM - 03:00 AM', 'Sunday : 11:00 AM - 02:00 AM']",https://www5.pizzapizza.ca/restaurant-locator/Ontario/Kitchener
https://www.pizzapizza.ca/locations/,145 Kent Street West,145 Kent Street West,Lindsay,ON,K9V2Y5,CA,<MISSING>,<MISSING>,<MISSING>,<MISSING>,<MISSING>,"['Monday : 11:00 AM - 11:59 PM', 'Tuesday : 11:00 AM - 11:59 PM', 'Wednesday : 11:00 AM - 11:59 PM', 'Thursday : 11:00 AM - 01:00 AM', 'Friday : 11:00 AM - 03:00 AM', 'Saturday : 11:00 AM - 03:00 AM', 'Sunday : 11:00 AM - 11:59 PM']",https://www5.pizzapizza.ca/restaurant-locator/Ontario/Lindsay
https://www.pizzapizza.ca/locations/,150 Dundas Street,150 Dundas Street,London,ON,N6A1G3,CA,<MISSING>,<MISSING>,<MISSING>,<MISSING>,<MISSING>,"['Monday : 11:00 AM - 02:00 AM', 'Tuesday : 11:00 AM - 02:00 AM', 'Wednesday : 11:00 AM - 02:00 AM', 'Thursday : 11:00 AM - 03:00 AM', 'Friday : 11:00 AM - 03:00 AM', 'Saturday : 11:00 AM - 03:00 AM', 'Sunday : 11:00 AM - 02:00 AM']",https://www5.pizzapizza.ca/restaurant-locator/Ontario/London
https://www.pizzapizza.ca/locations/,A 7125 Goreway Drive,A 7125 Goreway Drive,Malton,ON,L4T2T5,CA,<MISSING>,<MISSING>,<MISSING>,<MISSING>,<MISSING>,"['Monday : 11:00 AM - 02:00 AM', 'Tuesday : 11:00 AM - 02:00 AM', 'Wednesday : 11:00 AM - 02:00 AM', 'Thursday : 11:00 AM - 03:00 AM', 'Friday : 11:00 AM - 03:00 AM', 'Saturday : 11:00 AM - 03:00 AM', 'Sunday : 11:00 AM - 02:00 AM']",https://www5.pizzapizza.ca/restaurant-locator/Ontario/Malton
https://www.pizzapizza.ca/locations/,1160 Beaverwood Rd,1160 Beaverwood Rd,Manotick,ON,K4M1A8,CA,<MISSING>,<MISSING>,<MISSING>,<MISSING>,<MISSING>,"['Monday : 11:00 AM - 11:59 PM', 'Tuesday : 11:00 AM - 11:59 PM', 'Wednesday : 11:00 AM - 11:59 PM', 'Thursday : 11:00 AM - 11:59 PM', 'Friday : 11:00 AM - 01:00 AM', 'Saturday : 11:00 AM - 01:00 AM', 'Sunday : 11:00 AM - 11:59 PM']",https://www5.pizzapizza.ca/restaurant-locator/Ontario/Manotick
https://www.pizzapizza.ca/locations/,1 2953 Major Mackenzie Drive,1 2953 Major Mackenzie Drive,Maple,ON,L6A1R8,CA,<MISSING>,<MISSING>,<MISSING>,<MISSING>,<MISSING>,"['Monday : 11:00 AM - 02:00 AM', 'Tuesday : 11:00 AM - 02:00 AM', 'Wednesday : 11:00 AM - 02:00 AM', 'Thursday : 11:00 AM - 03:00 AM', 'Friday : 11:00 AM - 03:00 AM', 'Saturday : 11:00 AM - 03:00 AM', 'Sunday : 11:00 AM - 02:00 AM']",https://www5.pizzapizza.ca/restaurant-locator/Ontario/Maple
https://www.pizzapizza.ca/locations/,4 Main Street North,4 Main Street North,Markham,ON,L3P1X2,CA,<MISSING>,<MISSING>,<MISSING>,<MISSING>,<MISSING>,"['Monday : 11:00 AM - 11:59 PM', 'Tuesday : 11:00 AM - 11:59 PM', 'Wednesday : 11:00 AM - 11:59 PM', 'Thursday : 11:00 AM - 11:59 PM', 'Friday : 11:00 AM - 03:00 AM', 'Saturday : 11:00 AM - 03:00 AM', 'Sunday : 11:00 AM - 11:59 PM']",https://www5.pizzapizza.ca/restaurant-locator/Ontario/Markham
https://www.pizzapizza.ca/locations/,395 King Street,395 King Street,Midland,ON,L4R3N2,CA,<MISSING>,<MISSING>,<MISSING>,<MISSING>,<MISSING>,"['Monday : 11:00 AM - 11:59 PM', 'Tuesday : 11:00 AM - 11:59 PM', 'Wednesday : 11:00 AM - 11:59 PM', 'Thursday : 11:00 AM - 01:00 AM', 'Friday : 11:00 AM - 03:00 AM', 'Saturday : 11:00 AM - 03:00 AM', 'Sunday : 11:00 AM - 11:59 PM']",https://www5.pizzapizza.ca/restaurant-locator/Ontario/Midland
https://www.pizzapizza.ca/locations/,3 500 Laurier Avenue,3 500 Laurier Avenue,Milton,ON,L9T4R3,CA,<MISSING>,<MISSING>,<MISSING>,<MISSING>,<MISSING>,"['Monday : 11:00 AM - 01:00 AM', 'Tuesday : 11:00 AM - 01:00 AM', 'Wednesday : 11:00 AM - 01:00 AM', 'Thursday : 11:00 AM - 01:00 AM', 'Friday : 11:00 AM - 03:00 AM', 'Saturday : 11:00 AM - 03:00 AM', 'Sunday : 11:00 AM - 01:00 AM']",https://www5.pizzapizza.ca/restaurant-locator/Ontario/Milton
https://www.pizzapizza.ca/locations/,3960 Grand Park Drive,3960 Grand Park Drive,Mississauga,ON,L5B4M6,CA,<MISSING>,<MISSING>,<MISSING>,<MISSING>,<MISSING>,"['Monday : 11:00 AM - 02:00 AM', 'Tuesday : 11:00 AM - 02:00 AM', 'Wednesday : 11:00 AM - 02:00 AM', 'Thursday : 11:00 AM - 03:00 AM', 'Friday : 11:00 AM - 03:00 AM', 'Saturday : 11:00 AM - 03:00 AM', 'Sunday : 11:00 AM - 02:00 AM']",https://www5.pizzapizza.ca/restaurant-locator/Ontario/Mississauga
https://www.pizzapizza.ca/locations/,560B 1642 Merivale Road,560B 1642 Merivale Road,Nepean,ON,K2G4A1,CA,<MISSING>,<MISSING>,<MISSING>,<MISSING>,<MISSING>,"['Monday : 11:00 AM - 12:59 AM', 'Tuesday : 11:00 AM - 12:59 AM', 'Wednesday : 11:00 AM - 12:59 AM', 'Thursday : 11:00 AM - 03:00 AM', 'Friday : 11:00 AM - 03:00 AM', 'Saturday : 11:00 AM - 03:00 AM', 'Sunday : 11:00 AM - 12:59 AM']",https://www5.pizzapizza.ca/restaurant-locator/Ontario/Nepean
https://www.pizzapizza.ca/locations/,29 Whitewood Avenue West,29 Whitewood Avenue West,New Liskeard,ON,P0J1P0,CA,<MISSING>,<MISSING>,<MISSING>,<MISSING>,<MISSING>,"['Monday : 11:00 AM - 11:59 PM', 'Tuesday : 11:00 AM - 11:59 PM', 'Wednesday : 11:00 AM - 11:59 PM', 'Thursday : 11:00 AM - 01:00 AM', 'Friday : 11:00 AM - 03:00 AM', 'Saturday : 11:00 AM - 03:00 AM', 'Sunday : 11:00 AM - 11:59 PM']",https://www5.pizzapizza.ca/restaurant-locator/Ontario/New_Liskeard
https://www.pizzapizza.ca/locations/,17906 Yonge Street,17906 Yonge Street,Newmarket,ON,L3Y8S1,CA,<MISSING>,<MISSING>,<MISSING>,<MISSING>,<MISSING>,"['Monday : 11:00 AM - 11:59 PM', 'Tuesday : 11:00 AM - 11:59 PM', 'Wednesday : 11:00 AM - 11:59 PM', 'Thursday : 11:00 AM - 01:00 AM', 'Friday : 11:00 AM - 03:00 AM', 'Saturday : 11:00 AM - 03:00 AM', 'Sunday : 11:00 AM - 11:59 PM']",https://www5.pizzapizza.ca/restaurant-locator/Ontario/Newmarket
https://www.pizzapizza.ca/locations/,6225 Lundy's Lane,6225 Lundy's Lane,Niagara Falls,ON,L2G1T5,CA,<MISSING>,<MISSING>,<MISSING>,<MISSING>,<MISSING>,"['Monday : 11:00 AM - 02:00 AM', 'Tuesday : 11:00 AM - 02:00 AM', 'Wednesday : 11:00 AM - 02:00 AM', 'Thursday : 11:00 AM - 03:00 AM', 'Friday : 11:00 AM - 03:00 AM', 'Saturday : 11:00 AM - 03:00 AM', 'Sunday : 11:00 AM - 02:00 AM']",https://www5.pizzapizza.ca/restaurant-locator/Ontario/Niagara_Falls
https://www.pizzapizza.ca/locations/,495 York Road,495 York Road,Niagara-On-The-Lake,ON,L0S1J0,CA,<MISSING>,<MISSING>,<MISSING>,<MISSING>,<MISSING>,"['Monday : 11:00 AM - 10:00 PM', 'Tuesday : 11:00 AM - 10:00 PM', 'Wednesday : 11:00 AM - 10:00 PM', 'Thursday : 11:00 AM - 10:00 PM', 'Friday : 11:00 AM - 10:00 PM', 'Saturday : 11:00 AM - 10:00 PM', 'Sunday : 11:00 AM - 10:00 PM']",https://www5.pizzapizza.ca/restaurant-locator/Ontario/Niagara-On-The-Lake
https://www.pizzapizza.ca/locations/,100 Main Street West,100 Main Street West,North Bay,ON,P1B2T5,CA,<MISSING>,<MISSING>,<MISSING>,<MISSING>,<MISSING>,"['Monday : 11:00 AM - 11:59 PM', 'Tuesday : 11:00 AM - 11:59 PM', 'Wednesday : 11:00 AM - 11:59 PM', 'Thursday : 11:00 AM - 11:59 PM', 'Friday : 11:00 AM - 02:00 AM', 'Saturday : 11:00 AM - 02:00 AM', 'Sunday : 11:00 AM - 11:59 PM']",https://www5.pizzapizza.ca/restaurant-locator/Ontario/North_Bay
https://www.pizzapizza.ca/locations/,2297 Lakeshore Road West,2297 Lakeshore Road West,Oakville,ON,L6L1H2,CA,<MISSING>,<MISSING>,<MISSING>,<MISSING>,<MISSING>,"['Monday : 11:00 AM - 11:59 PM', 'Tuesday : 11:00 AM - 11:59 PM', 'Wednesday : 11:00 AM - 11:59 PM', 'Thursday : 11:00 AM - 01:00 AM', 'Friday : 11:00 AM - 03:00 AM', 'Saturday : 11:00 AM - 03:00 AM', 'Sunday : 11:00 AM - 11:59 PM']",https://www5.pizzapizza.ca/restaurant-locator/Ontario/Oakville
https://www.pizzapizza.ca/locations/,210 Broadway Avenue,210 Broadway Avenue,Orangeville,ON,L9W5G4,CA,<MISSING>,<MISSING>,<MISSING>,<MISSING>,<MISSING>,"['Monday : 11:00 AM - 02:00 AM', 'Tuesday : 11:00 AM - 02:00 AM', 'Wednesday : 11:00 AM - 02:00 AM', 'Thursday : 11:00 AM - 03:00 AM', 'Friday : 11:00 AM - 03:00 AM', 'Saturday : 11:00 AM - 03:00 AM', 'Sunday : 11:00 AM - 02:00 AM']",https://www5.pizzapizza.ca/restaurant-locator/Ontario/Orangeville
https://www.pizzapizza.ca/locations/,82 Mississauga Street East,82 Mississauga Street East,Orillia,ON,L3V1V6,CA,<MISSING>,<MISSING>,<MISSING>,<MISSING>,<MISSING>,"['Monday : 11:00 AM - 11:59 PM', 'Tuesday : 11:00 AM - 11:59 PM', 'Wednesday : 11:00 AM - 11:59 PM', 'Thursday : 11:00 AM - 01:00 AM', 'Friday : 11:00 AM - 03:00 AM', 'Saturday : 11:00 AM - 03:00 AM', 'Sunday : 11:00 AM - 11:59 PM']",https://www5.pizzapizza.ca/restaurant-locator/Ontario/Orillia
https://www.pizzapizza.ca/locations/,2369 St Joseph Boulevard,2369 St Joseph Boulevard,Orleans,ON,K1C2E3,CA,<MISSING>,<MISSING>,<MISSING>,<MISSING>,<MISSING>,"['Monday : 11:00 AM - 11:59 PM', 'Tuesday : 11:00 AM - 11:59 PM', 'Wednesday : 11:00 AM - 11:59 PM', 'Thursday : 11:00 AM - 11:59 PM', 'Friday : 11:00 AM - 03:00 AM', 'Saturday : 11:00 AM - 03:00 AM', 'Sunday : 11:00 AM - 11:59 PM']",https://www5.pizzapizza.ca/restaurant-locator/Ontario/Orleans
https://www.pizzapizza.ca/locations/,129 King Street East,129 King Street East,Oshawa,ON,L1H1C2,CA,<MISSING>,<MISSING>,<MISSING>,<MISSING>,<MISSING>,"['Monday : 11:00 AM - 02:00 AM', 'Tuesday : 11:00 AM - 02:00 AM', 'Wednesday : 11:00 AM - 02:00 AM', 'Thursday : 11:00 AM - 03:00 AM', 'Friday : 11:00 AM - 03:00 AM', 'Saturday : 11:00 AM - 03:00 AM', 'Sunday : 11:00 AM - 02:00 AM']",https://www5.pizzapizza.ca/restaurant-locator/Ontario/Oshawa
https://www.pizzapizza.ca/locations/,336 Rideau Street,336 Rideau Street,Ottawa,ON,K1N5Y5,CA,<MISSING>,<MISSING>,<MISSING>,<MISSING>,<MISSING>,"['Monday : 11:00 AM - 02:00 AM', 'Tuesday : 11:00 AM - 02:00 AM', 'Wednesday : 11:00 AM - 02:00 AM', 'Thursday : 11:00 AM - 03:00 AM', 'Friday : 11:00 AM - 03:00 AM', 'Saturday : 11:00 AM - 03:00 AM', 'Sunday : 11:00 AM - 02:00 AM']",https://www5.pizzapizza.ca/restaurant-locator/Ontario/Ottawa
https://www.pizzapizza.ca/locations/,908 2nd Avenue East,908 2nd Avenue East,Owen Sound,ON,N4K2H6,CA,<MISSING>,<MISSING>,<MISSING>,<MISSING>,<MISSING>,"['Monday : 11:00 AM - 02:00 AM', 'Tuesday : 11:00 AM - 02:00 AM', 'Wednesday : 11:00 AM - 02:00 AM', 'Thursday : 11:00 AM - 03:00 AM', 'Friday : 11:00 AM - 03:00 AM', 'Saturday : 11:00 AM - 03:00 AM', 'Sunday : 11:00 AM - 02:00 AM']",https://www5.pizzapizza.ca/restaurant-locator/Ontario/Owen_Sound
https://www.pizzapizza.ca/locations/,32 Pembroke Street West,32 Pembroke Street West,Pembroke,ON,K8A5M3,CA,<MISSING>,<MISSING>,<MISSING>,<MISSING>,<MISSING>,"['Monday : 11:00 AM - 11:59 PM', 'Tuesday : 11:00 AM - 11:59 PM', 'Wednesday : 11:00 AM - 11:59 PM', 'Thursday : 11:00 AM - 11:59 PM', 'Friday : 11:00 AM - 03:00 AM', 'Saturday : 11:00 AM - 03:00 AM', 'Sunday : 11:00 AM - 11:59 PM']",https://www5.pizzapizza.ca/restaurant-locator/Ontario/Pembroke
https://www.pizzapizza.ca/locations/,1011 Victoria Street,1011 Victoria Street,Petawawa,ON,K8H2E2,CA,<MISSING>,<MISSING>,<MISSING>,<MISSING>,<MISSING>,"['Monday : 11:00 AM - 11:59 PM', 'Tuesday : 11:00 AM - 11:59 PM', 'Wednesday : 11:00 AM - 11:59 PM', 'Thursday : 11:00 AM - 11:59 PM', 'Friday : 11:00 AM - 03:00 AM', 'Saturday : 11:00 AM - 03:00 AM', 'Sunday : 11:00 AM - 11:59 PM']",https://www5.pizzapizza.ca/restaurant-locator/Ontario/Petawawa
https://www.pizzapizza.ca/locations/,1080 Lansdowne Street West,1080 Lansdowne Street West,Peterborough,ON,K9J1Z9,CA,<MISSING>,<MISSING>,<MISSING>,<MISSING>,<MISSING>,"['Monday : 11:00 AM - 02:00 AM', 'Tuesday : 11:00 AM - 02:00 AM', 'Wednesday : 11:00 AM - 02:00 AM', 'Thursday : 11:00 AM - 03:00 AM', 'Friday : 11:00 AM - 03:00 AM', 'Saturday : 11:00 AM - 03:00 AM', 'Sunday : 11:00 AM - 02:00 AM']",https://www5.pizzapizza.ca/restaurant-locator/Ontario/Peterborough
https://www.pizzapizza.ca/locations/,1450 Kingston Road,1450 Kingston Road,Pickering,ON,L1V1C1,CA,<MISSING>,<MISSING>,<MISSING>,<MISSING>,<MISSING>,"['Monday : 11:00 AM - 02:00 AM', 'Tuesday : 11:00 AM - 02:00 AM', 'Wednesday : 11:00 AM - 02:00 AM', 'Thursday : 11:00 AM - 03:00 AM', 'Friday : 11:00 AM - 03:00 AM', 'Saturday : 11:00 AM - 03:00 AM', 'Sunday : 11:00 AM - 02:00 AM']",https://www5.pizzapizza.ca/restaurant-locator/Ontario/Pickering
https://www.pizzapizza.ca/locations/,181 Toronto Road,181 Toronto Road,Port Hope,ON,L1A3V5,CA,<MISSING>,<MISSING>,<MISSING>,<MISSING>,<MISSING>,"['Monday : 11:00 AM - 11:00 PM', 'Tuesday : 11:00 AM - 11:00 PM', 'Wednesday : 11:00 AM - 11:00 PM', 'Thursday : 11:00 AM - 11:00 PM', 'Friday : 11:00 AM - 02:00 AM', 'Saturday : 11:00 AM - 02:00 AM', 'Sunday : 11:00 AM - 11:00 PM']",https://www5.pizzapizza.ca/restaurant-locator/Ontario/Port_Hope
https://www.pizzapizza.ca/locations/,10077 Yonge Street,10077 Yonge Street,Richmond Hill,ON,L4C1T7,CA,<MISSING>,<MISSING>,<MISSING>,<MISSING>,<MISSING>,"['Monday : 11:00 AM - 01:00 AM', 'Tuesday : 11:00 AM - 01:00 AM', 'Wednesday : 11:00 AM - 01:00 AM', 'Thursday : 11:00 AM - 01:00 AM', 'Friday : 11:00 AM - 03:00 AM', 'Saturday : 11:00 AM - 03:00 AM', 'Sunday : 11:00 AM - 01:00 AM']",https://www5.pizzapizza.ca/restaurant-locator/Ontario/Richmond_Hill
https://www.pizzapizza.ca/locations/,5 49 Finch Drive,5 49 Finch Drive,Sarnia,ON,N7S5C6,CA,<MISSING>,<MISSING>,<MISSING>,<MISSING>,<MISSING>,"['Monday : 11:00 AM - 02:00 AM', 'Tuesday : 11:00 AM - 02:00 AM', 'Wednesday : 11:00 AM - 02:00 AM', 'Thursday : 11:00 AM - 03:00 AM', 'Friday : 11:00 AM - 03:00 AM', 'Saturday : 11:00 AM - 03:00 AM', 'Sunday : 11:00 AM - 02:00 AM']",https://www5.pizzapizza.ca/restaurant-locator/Ontario/Sarnia
https://www.pizzapizza.ca/locations/,1 Beckwith Street South,1 Beckwith Street South,Smith Falls,ON,K7A2A9,CA,<MISSING>,<MISSING>,<MISSING>,<MISSING>,<MISSING>,"['Monday : 11:00 AM - 11:59 PM', 'Tuesday : 11:00 AM - 11:59 PM', 'Wednesday : 11:00 AM - 11:59 PM', 'Thursday : 11:00 AM - 11:59 PM', 'Friday : 11:00 AM - 03:00 AM', 'Saturday : 11:00 AM - 03:00 AM', 'Sunday : 11:00 AM - 11:59 PM']",https://www5.pizzapizza.ca/restaurant-locator/Ontario/Smith_Falls
https://www.pizzapizza.ca/locations/,2 367 Lake Street,2 367 Lake Street,St Catharines,ON,L2N4H5,CA,<MISSING>,<MISSING>,<MISSING>,<MISSING>,<MISSING>,"['Monday : 11:00 AM - 02:00 AM', 'Tuesday : 11:00 AM - 02:00 AM', 'Wednesday : 11:00 AM - 02:00 AM', 'Thursday : 11:00 AM - 03:00 AM', 'Friday : 11:00 AM - 03:00 AM', 'Saturday : 11:00 AM - 03:00 AM', 'Sunday : 11:00 AM - 02:00 AM']",https://www5.pizzapizza.ca/restaurant-locator/Ontario/St_Catharines
https://www.pizzapizza.ca/locations/,C-09 1250 Main Street East,C-09 1250 Main Street East,Stittsville,ON,K2S1S9,CA,<MISSING>,<MISSING>,<MISSING>,<MISSING>,<MISSING>,"['Monday : 11:00 AM - 11:59 PM', 'Tuesday : 11:00 AM - 11:59 PM', 'Wednesday : 11:00 AM - 11:59 PM', 'Thursday : 11:00 AM - 11:59 PM', 'Friday : 11:00 AM - 12:59 AM', 'Saturday : 11:00 AM - 12:59 AM', 'Sunday : 11:00 AM - 11:59 PM']",https://www5.pizzapizza.ca/restaurant-locator/Ontario/Stittsville
https://www.pizzapizza.ca/locations/,7 141 Highway #8,7 141 Highway #8,Stoney Creek,ON,L8K5C1,CA,<MISSING>,<MISSING>,<MISSING>,<MISSING>,<MISSING>,"['Monday : 11:00 AM - 11:59 PM', 'Tuesday : 11:00 AM - 11:59 PM', 'Wednesday : 11:00 AM - 11:59 PM', 'Thursday : 11:00 AM - 11:59 PM', 'Friday : 11:00 AM - 03:00 AM', 'Saturday : 11:00 AM - 03:00 AM', 'Sunday : 11:00 AM - 11:59 PM']",https://www5.pizzapizza.ca/restaurant-locator/Ontario/Stoney_Creek
https://www.pizzapizza.ca/locations/,5777 Main Street,5777 Main Street,Stouffville,ON,L4A2S9,CA,<MISSING>,<MISSING>,<MISSING>,<MISSING>,<MISSING>,"['Monday : 11:00 AM - 11:59 PM', 'Tuesday : 11:00 AM - 11:59 PM', 'Wednesday : 11:00 AM - 11:59 PM', 'Thursday : 11:00 AM - 11:59 PM', 'Friday : 11:00 AM - 03:00 AM', 'Saturday : 11:00 AM - 03:00 AM', 'Sunday : 11:00 AM - 11:59 PM']",https://www5.pizzapizza.ca/restaurant-locator/Ontario/Stouffville
https://www.pizzapizza.ca/locations/,1 Market Place,1 Market Place,Stratford,ON,N5A1A4,CA,<MISSING>,<MISSING>,<MISSING>,<MISSING>,<MISSING>,"['Monday : 11:00 AM - 11:59 PM', 'Tuesday : 11:00 AM - 11:59 PM', 'Wednesday : 11:00 AM - 11:59 PM', 'Thursday : 11:00 AM - 11:59 PM', 'Friday : 11:00 AM - 11:59 PM', 'Saturday : 11:00 AM - 11:59 PM', 'Sunday : 11:00 AM - 11:59 PM']",https://www5.pizzapizza.ca/restaurant-locator/Ontario/Stratford
https://www.pizzapizza.ca/locations/,52 Elm Street,52 Elm Street,Sudbury,ON,P3C1S7,CA,<MISSING>,<MISSING>,<MISSING>,<MISSING>,<MISSING>,"['Monday : 11:00 AM - 02:00 AM', 'Tuesday : 11:00 AM - 02:00 AM', 'Wednesday : 11:00 AM - 02:00 AM', 'Thursday : 11:00 AM - 03:00 AM', 'Friday : 11:00 AM - 03:00 AM', 'Saturday : 11:00 AM - 03:00 AM', 'Sunday : 11:00 AM - 02:00 AM']",https://www5.pizzapizza.ca/restaurant-locator/Ontario/Sudbury
https://www.pizzapizza.ca/locations/,45 Ormond Street North,45 Ormond Street North,Thorold,ON,L2V1Y4,CA,<MISSING>,<MISSING>,<MISSING>,<MISSING>,<MISSING>,"['Monday : 11:00 AM - 02:00 AM', 'Tuesday : 11:00 AM - 02:00 AM', 'Wednesday : 11:00 AM - 02:00 AM', 'Thursday : 11:00 AM - 03:00 AM', 'Friday : 11:00 AM - 03:00 AM', 'Saturday : 11:00 AM - 03:00 AM', 'Sunday : 11:00 AM - 02:00 AM']",https://www5.pizzapizza.ca/restaurant-locator/Ontario/Thorold
https://www.pizzapizza.ca/locations/,820 Red River Road,820 Red River Road,Thunder Bay,ON,P7B1K2,CA,<MISSING>,<MISSING>,<MISSING>,<MISSING>,<MISSING>,"['Monday : 11:00 AM - 11:59 PM', 'Tuesday : 11:00 AM - 11:59 PM', 'Wednesday : 11:00 AM - 11:59 PM', 'Thursday : 11:00 AM - 01:00 AM', 'Friday : 11:00 AM - 03:00 AM', 'Saturday : 11:00 AM - 03:00 AM', 'Sunday : 11:00 AM - 11:59 PM']",https://www5.pizzapizza.ca/restaurant-locator/Ontario/Thunder_Bay
https://www.pizzapizza.ca/locations/,414 Algonquin Boulevard East,414 Algonquin Boulevard East,Timmins,ON,P4N1B6,CA,<MISSING>,<MISSING>,<MISSING>,<MISSING>,<MISSING>,"['Monday : 11:00 AM - 11:59 PM', 'Tuesday : 11:00 AM - 11:59 PM', 'Wednesday : 11:00 AM - 11:59 PM', 'Thursday : 11:00 AM - 01:00 AM', 'Friday : 11:00 AM - 01:00 AM', 'Saturday : 11:00 AM - 01:00 AM', 'Sunday : 11:00 AM - 11:59 PM']",https://www5.pizzapizza.ca/restaurant-locator/Ontario/Timmins
https://www.pizzapizza.ca/locations/,297 Wellesley Street East,297 Wellesley Street East,Toronto,ON,M4X1G9,CA,<MISSING>,<MISSING>,<MISSING>,<MISSING>,<MISSING>,"['Monday : 11:00 AM - 02:00 AM', 'Tuesday : 11:00 AM - 02:00 AM', 'Wednesday : 11:00 AM - 02:00 AM', 'Thursday : 11:00 AM - 03:00 AM', 'Friday : 11:00 AM - 03:00 AM', 'Saturday : 11:00 AM - 03:00 AM', 'Sunday : 11:00 AM - 02:00 AM']",https://www5.pizzapizza.ca/restaurant-locator/Ontario/Toronto
https://www.pizzapizza.ca/locations/,3040 Don Mills Road,3040 Don Mills Road,Toronto - Don Mills,ON,M2J3C3,CA,<MISSING>,<MISSING>,<MISSING>,<MISSING>,<MISSING>,"['Monday : 11:00 AM - 02:00 AM', 'Tuesday : 11:00 AM - 02:00 AM', 'Wednesday : 11:00 AM - 02:00 AM', 'Thursday : 11:00 AM - 03:00 AM', 'Friday : 11:00 AM - 03:00 AM', 'Saturday : 11:00 AM - 03:00 AM', 'Sunday : 11:00 AM - 02:00 AM']",https://www5.pizzapizza.ca/restaurant-locator/Ontario/Toronto_-_Don_Mills
https://www.pizzapizza.ca/locations/,193 1700 Wilson Avenue,193 1700 Wilson Avenue,Toronto - Downsview,ON,M3L1B2,CA,<MISSING>,<MISSING>,<MISSING>,<MISSING>,<MISSING>,"['Monday : 11:00 AM - 02:00 AM', 'Tuesday : 11:00 AM - 02:00 AM', 'Wednesday : 11:00 AM - 02:00 AM', 'Thursday : 11:00 AM - 03:00 AM', 'Friday : 11:00 AM - 03:00 AM', 'Saturday : 11:00 AM - 03:00 AM', 'Sunday : 11:00 AM - 02:00 AM']",https://www5.pizzapizza.ca/restaurant-locator/Ontario/Toronto_-_Downsview
https://www.pizzapizza.ca/locations/,45 Overlea Boulevard,45 Overlea Boulevard,Toronto - East York,ON,M4H1C3,CA,<MISSING>,<MISSING>,<MISSING>,<MISSING>,<MISSING>,"['Monday : 11:00 AM - 02:00 AM', 'Tuesday : 11:00 AM - 02:00 AM', 'Wednesday : 11:00 AM - 02:00 AM', 'Thursday : 11:00 AM - 03:00 AM', 'Friday : 11:00 AM - 03:00 AM', 'Saturday : 11:00 AM - 03:00 AM', 'Sunday : 11:00 AM - 02:00 AM']",https://www5.pizzapizza.ca/restaurant-locator/Ontario/Toronto_-_East_York
https://www.pizzapizza.ca/locations/,3359 Bloor Street West,3359 Bloor Street West,Toronto - Etobicoke,ON,M8X1G2,CA,<MISSING>,<MISSING>,<MISSING>,<MISSING>,<MISSING>,"['Monday : 11:00 AM - 02:00 AM', 'Tuesday : 11:00 AM - 02:00 AM', 'Wednesday : 11:00 AM - 02:00 AM', 'Thursday : 11:00 AM - 03:00 AM', 'Friday : 11:00 AM - 03:00 AM', 'Saturday : 11:00 AM - 03:00 AM', 'Sunday : 11:00 AM - 02:00 AM']",https://www5.pizzapizza.ca/restaurant-locator/Ontario/Toronto_-_Etobicoke
https://www.pizzapizza.ca/locations/,9 1277 York Mills Road,9 1277 York Mills Road,Toronto - North York,ON,M3A1Z5,CA,<MISSING>,<MISSING>,<MISSING>,<MISSING>,<MISSING>,"['Monday : 11:00 AM - 02:00 AM', 'Tuesday : 11:00 AM - 02:00 AM', 'Wednesday : 11:00 AM - 02:00 AM', 'Thursday : 11:00 AM - 03:00 AM', 'Friday : 11:00 AM - 03:00 AM', 'Saturday : 11:00 AM - 03:00 AM', 'Sunday : 11:00 AM - 02:00 AM']",https://www5.pizzapizza.ca/restaurant-locator/Ontario/Toronto_-_North_York
https://www.pizzapizza.ca/locations/,3850 Sheppard Avenue East,3850 Sheppard Avenue East,Toronto - Scarborough,ON,M1T3L4,CA,<MISSING>,<MISSING>,<MISSING>,<MISSING>,<MISSING>,"['Monday : 11:00 AM - 02:00 AM', 'Tuesday : 11:00 AM - 02:00 AM', 'Wednesday : 11:00 AM - 02:00 AM', 'Thursday : 11:00 AM - 03:00 AM', 'Friday : 11:00 AM - 03:00 AM', 'Saturday : 11:00 AM - 03:00 AM', 'Sunday : 11:00 AM - 02:00 AM']",https://www5.pizzapizza.ca/restaurant-locator/Ontario/Toronto_-_Scarborough
https://www.pizzapizza.ca/locations/,8053 Yonge Street,8053 Yonge Street,Toronto - Thornhill,ON,L3T2C3,CA,<MISSING>,<MISSING>,<MISSING>,<MISSING>,<MISSING>,"['Monday : 11:00 AM - 02:00 AM', 'Tuesday : 11:00 AM - 02:00 AM', 'Wednesday : 11:00 AM - 02:00 AM', 'Thursday : 11:00 AM - 03:00 AM', 'Friday : 11:00 AM - 03:00 AM', 'Saturday : 11:00 AM - 03:00 AM', 'Sunday : 11:00 AM - 02:00 AM']",https://www5.pizzapizza.ca/restaurant-locator/Ontario/Toronto_-_Thornhill
https://www.pizzapizza.ca/locations/,55 Queen Street South,55 Queen Street South,Tottenham,ON,L0G1W0,CA,<MISSING>,<MISSING>,<MISSING>,<MISSING>,<MISSING>,"['Monday : 11:00 AM - 11:59 PM', 'Tuesday : 11:00 AM - 11:59 PM', 'Wednesday : 11:00 AM - 11:59 PM', 'Thursday : 11:00 AM - 11:59 PM', 'Friday : 11:00 AM - 03:00 AM', 'Saturday : 11:00 AM - 03:00 AM', 'Sunday : 11:00 AM - 11:59 PM']",https://www5.pizzapizza.ca/restaurant-locator/Ontario/Tottenham
https://www.pizzapizza.ca/locations/,35 Dundas Street West,35 Dundas Street West,Trenton,ON,K8V3N9,CA,<MISSING>,<MISSING>,<MISSING>,<MISSING>,<MISSING>,"['Monday : 11:00 AM - 02:00 AM', 'Tuesday : 11:00 AM - 02:00 AM', 'Wednesday : 11:00 AM - 02:00 AM', 'Thursday : 11:00 AM - 03:00 AM', 'Friday : 11:00 AM - 03:00 AM', 'Saturday : 11:00 AM - 03:00 AM', 'Sunday : 11:00 AM - 02:00 AM']",https://www5.pizzapizza.ca/restaurant-locator/Ontario/Trenton
https://www.pizzapizza.ca/locations/,6 Brock Street West,6 Brock Street West,Uxbridge,ON,L9P1P2,CA,<MISSING>,<MISSING>,<MISSING>,<MISSING>,<MISSING>,"['Monday : 11:00 AM - 11:00 PM', 'Tuesday : 11:00 AM - 11:00 PM', 'Wednesday : 11:00 AM - 11:00 PM', 'Thursday : 11:00 AM - 11:00 PM', 'Friday : 11:00 AM - 03:00 AM', 'Saturday : 11:00 AM - 01:00 AM', 'Sunday : 11:00 AM - 11:00 PM']",https://www5.pizzapizza.ca/restaurant-locator/Ontario/Uxbridge
https://www.pizzapizza.ca/locations/,3737 Major Mackenzie Drive - Buildi,3737 Major Mackenzie Drive - Buildi,Vaughan,ON,L6Z4N8,CA,<MISSING>,<MISSING>,<MISSING>,<MISSING>,<MISSING>,"['Monday : 11:00 AM - 02:00 AM', 'Tuesday : 11:00 AM - 02:00 AM', 'Wednesday : 11:00 AM - 02:00 AM', 'Thursday : 11:00 AM - 03:00 AM', 'Friday : 11:00 AM - 03:00 AM', 'Saturday : 11:00 AM - 03:00 AM', 'Sunday : 11:00 AM - 02:00 AM']",https://www5.pizzapizza.ca/restaurant-locator/Ontario/Vaughan
https://www.pizzapizza.ca/locations/,75 Mosely Street,75 Mosely Street,Wasaga Beach,ON,L0L2P0,CA,<MISSING>,<MISSING>,<MISSING>,<MISSING>,<MISSING>,"['Monday : 11:00 AM - 10:00 PM', 'Tuesday : 11:00 AM - 10:00 PM', 'Wednesday : 11:00 AM - 10:00 PM', 'Thursday : 11:00 AM - 10:00 PM', 'Friday : 11:00 AM - 11:59 PM', 'Saturday : 11:00 AM - 11:59 PM', 'Sunday : 11:00 AM - 10:00 PM']",https://www5.pizzapizza.ca/restaurant-locator/Ontario/Wasaga_Beach
https://www.pizzapizza.ca/locations/,255 Dundas Street East,255 Dundas Street East,Waterdown,ON,L0R2H6,CA,<MISSING>,<MISSING>,<MISSING>,<MISSING>,<MISSING>,"['Monday : 11:00 AM - 11:59 PM', 'Tuesday : 11:00 AM - 11:59 PM', 'Wednesday : 11:00 AM - 11:59 PM', 'Thursday : 11:00 AM - 11:59 PM', 'Friday : 11:00 AM - 03:00 AM', 'Saturday : 11:00 AM - 03:00 AM', 'Sunday : 11:00 AM - 11:59 PM']",https://www5.pizzapizza.ca/restaurant-locator/Ontario/Waterdown
https://www.pizzapizza.ca/locations/,3 247 King Street North,3 247 King Street North,Waterloo,ON,N2J2Y8,CA,<MISSING>,<MISSING>,<MISSING>,<MISSING>,<MISSING>,"['Monday : 11:00 AM - 02:00 AM', 'Tuesday : 11:00 AM - 02:00 AM', 'Wednesday : 11:00 AM - 02:00 AM', 'Thursday : 11:00 AM - 03:00 AM', 'Friday : 11:00 AM - 03:00 AM', 'Saturday : 11:00 AM - 03:00 AM', 'Sunday : 11:00 AM - 02:00 AM']",https://www5.pizzapizza.ca/restaurant-locator/Ontario/Waterloo
https://www.pizzapizza.ca/locations/,800 Niagara Street,800 Niagara Street,Welland,ON,L3C5Z4,CA,<MISSING>,<MISSING>,<MISSING>,<MISSING>,<MISSING>,"['Monday : 11:00 AM - 02:00 AM', 'Tuesday : 11:00 AM - 02:00 AM', 'Wednesday : 11:00 AM - 02:00 AM', 'Thursday : 11:00 AM - 03:00 AM', 'Friday : 11:00 AM - 03:00 AM', 'Saturday : 11:00 AM - 03:00 AM', 'Sunday : 11:00 AM - 02:00 AM']",https://www5.pizzapizza.ca/restaurant-locator/Ontario/Welland
https://www.pizzapizza.ca/locations/,315 Dundas Street East,315 Dundas Street East,Whitby,ON,L1N2J2,CA,<MISSING>,<MISSING>,<MISSING>,<MISSING>,<MISSING>,"['Monday : 11:00 AM - 02:00 AM', 'Tuesday : 11:00 AM - 02:00 AM', 'Wednesday : 11:00 AM - 02:00 AM', 'Thursday : 11:00 AM - 03:00 AM', 'Friday : 11:00 AM - 03:00 AM', 'Saturday : 11:00 AM - 03:00 AM', 'Sunday : 11:00 AM - 02:00 AM']",https://www5.pizzapizza.ca/restaurant-locator/Ontario/Whitby
https://www.pizzapizza.ca/locations/,2203 Wyandotte Street West,2203 Wyandotte Street West,Windsor,ON,N9B1K3,CA,<MISSING>,<MISSING>,<MISSING>,<MISSING>,<MISSING>,"['Monday : 11:00 AM - 02:00 AM', 'Tuesday : 11:00 AM - 02:00 AM', 'Wednesday : 11:00 AM - 02:00 AM', 'Thursday : 11:00 AM - 03:00 AM', 'Friday : 11:00 AM - 03:00 AM', 'Saturday : 11:00 AM - 03:00 AM', 'Sunday : 11:00 AM - 02:00 AM']",https://www5.pizzapizza.ca/restaurant-locator/Ontario/Windsor
https://www.pizzapizza.ca/locations/,7694 Islington Avenue,7694 Islington Avenue,Woodbridge,ON,L4L1W3,CA,<MISSING>,<MISSING>,<MISSING>,<MISSING>,<MISSING>,"['Monday : 11:00 AM - 02:00 AM', 'Tuesday : 11:00 AM - 02:00 AM', 'Wednesday : 11:00 AM - 02:00 AM', 'Thursday : 11:00 AM - 03:00 AM', 'Friday : 11:00 AM - 03:00 AM', 'Saturday : 11:00 AM - 03:00 AM', 'Sunday : 11:00 AM - 02:00 AM']",https://www5.pizzapizza.ca/restaurant-locator/Ontario/Woodbridge
https://www.pizzapizza.ca/locations/,609 Dundas East Street,609 Dundas East Street,Woodstock,ON,N4S1C9,CA,<MISSING>,<MISSING>,<MISSING>,<MISSING>,<MISSING>,"['Monday : 11:00 AM - 02:00 AM', 'Tuesday : 11:00 AM - 02:00 AM', 'Wednesday : 11:00 AM - 02:00 AM', 'Thursday : 11:00 AM - 03:00 AM', 'Friday : 11:00 AM - 03:00 AM', 'Saturday : 11:00 AM - 03:00 AM', 'Sunday : 11:00 AM - 02:00 AM']",https://www5.pizzapizza.ca/restaurant-locator/Ontario/Woodstock
https://www.pizzapizza.ca/locations/,500 Rogers Road,500 Rogers Road,York,ON,M6M1B3,CA,<MISSING>,<MISSING>,<MISSING>,<MISSING>,<MISSING>,"['Monday : 11:00 AM - 02:00 AM', 'Tuesday : 11:00 AM - 02:00 AM', 'Wednesday : 11:00 AM - 02:00 AM', 'Thursday : 11:00 AM - 03:00 AM', 'Friday : 11:00 AM - 03:00 AM', 'Saturday : 11:00 AM - 03:00 AM', 'Sunday : 11:00 AM - 02:00 AM']",https://www5.pizzapizza.ca/restaurant-locator/Ontario/York
https://www.pizzapizza.ca/locations/,3000 Boulevard De Rome,3000 Boulevard De Rome,Brossard,QC,J4Y1V9,CA,<MISSING>,<MISSING>,<MISSING>,<MISSING>,<MISSING>,"['Monday : 11:00 AM - 01:00 AM', 'Tuesday : 11:00 AM - 01:00 AM', 'Wednesday : 11:00 AM - 01:00 AM', 'Thursday : 11:00 AM - 01:00 AM', 'Friday : 11:00 AM - 03:00 AM', 'Saturday : 11:00 AM - 03:00 AM', 'Sunday : 11:00 AM - 01:00 AM']",https://www5.pizzapizza.ca/restaurant-locator/Quebec/Brossard
https://www.pizzapizza.ca/locations/,100 Boulevard D Anjou,100 Boulevard D Anjou,Chateauguay,QC,J6K1C4,CA,<MISSING>,<MISSING>,<MISSING>,<MISSING>,<MISSING>,"['Monday : 11:00 AM - 01:00 AM', 'Tuesday : 11:00 AM - 01:00 AM', 'Wednesday : 11:00 AM - 01:00 AM', 'Thursday : 11:00 AM - 01:00 AM', 'Friday : 11:00 AM - 03:00 AM', 'Saturday : 11:00 AM - 03:00 AM', 'Sunday : 11:00 AM - 01:00 AM']",https://www5.pizzapizza.ca/restaurant-locator/Quebec/Chateauguay
https://www.pizzapizza.ca/locations/,123 Greber Blvd,123 Greber Blvd,Gatineau,QC,J8T3R1,CA,<MISSING>,<MISSING>,<MISSING>,<MISSING>,<MISSING>,"['Monday : 11:00 AM - 12:59 AM', 'Tuesday : 11:00 AM - 12:59 AM', 'Wednesday : 11:00 AM - 12:59 AM', 'Thursday : 11:00 AM - 03:00 AM', 'Friday : 11:00 AM - 03:00 AM', 'Saturday : 11:00 AM - 03:00 AM', 'Sunday : 11:00 AM - 12:59 AM']",https://www5.pizzapizza.ca/restaurant-locator/Quebec/Gatineau
https://www.pizzapizza.ca/locations/,3308 Taschereau Boulevard,3308 Taschereau Boulevard,Greenfield Park,QC,J4V2H6,CA,<MISSING>,<MISSING>,<MISSING>,<MISSING>,<MISSING>,"['Monday : 11:00 AM - 01:00 AM', 'Tuesday : 11:00 AM - 01:00 AM', 'Wednesday : 11:00 AM - 01:00 AM', 'Thursday : 11:00 AM - 01:00 AM', 'Friday : 11:00 AM - 03:00 AM', 'Saturday : 11:00 AM - 03:00 AM', 'Sunday : 11:00 AM - 01:00 AM']",https://www5.pizzapizza.ca/restaurant-locator/Quebec/Greenfield_Park
https://www.pizzapizza.ca/locations/,100 Boulevard Don Quichotte,100 Boulevard Don Quichotte,ile Perrot,QC,J7V7X4,CA,<MISSING>,<MISSING>,<MISSING>,<MISSING>,<MISSING>,"['Monday : 11:00 AM - 11:00 PM', 'Tuesday : 11:00 AM - 11:00 PM', 'Wednesday : 11:00 AM - 11:00 PM', 'Thursday : 11:00 AM - 11:00 PM', 'Friday : 11:00 AM - 01:00 AM', 'Saturday : 11:00 AM - 01:00 AM', 'Sunday : 11:00 AM - 11:00 PM']",https://www5.pizzapizza.ca/restaurant-locator/Quebec/ile_Perrot
https://www.pizzapizza.ca/locations/,7745 Boulevard Newman,7745 Boulevard Newman,Lasalle,QC,H8N1X7,CA,<MISSING>,<MISSING>,<MISSING>,<MISSING>,<MISSING>,"['Monday : 11:00 AM - 01:00 AM', 'Tuesday : 11:00 AM - 01:00 AM', 'Wednesday : 11:00 AM - 01:00 AM', 'Thursday : 11:00 AM - 01:00 AM', 'Friday : 11:00 AM - 03:00 AM', 'Saturday : 11:00 AM - 03:00 AM', 'Sunday : 11:00 AM - 01:00 AM']",https://www5.pizzapizza.ca/restaurant-locator/Quebec/Lasalle
https://www.pizzapizza.ca/locations/,662 Boulevard Des Laurentides,662 Boulevard Des Laurentides,Laval,QC,H7G2V9,CA,<MISSING>,<MISSING>,<MISSING>,<MISSING>,<MISSING>,"['Monday : 11:00 AM - 01:00 AM', 'Tuesday : 11:00 AM - 01:00 AM', 'Wednesday : 11:00 AM - 01:00 AM', 'Thursday : 11:00 AM - 01:00 AM', 'Friday : 11:00 AM - 03:00 AM', 'Saturday : 11:00 AM - 03:00 AM', 'Sunday : 11:00 AM - 01:00 AM']",https://www5.pizzapizza.ca/restaurant-locator/Quebec/Laval
https://www.pizzapizza.ca/locations/,1945 Boulevard Roland Therrien,1945 Boulevard Roland Therrien,Longueuil,QC,J4N1A3,CA,<MISSING>,<MISSING>,<MISSING>,<MISSING>,<MISSING>,"['Monday : 11:00 AM - 01:00 AM', 'Tuesday : 11:00 AM - 01:00 AM', 'Wednesday : 11:00 AM - 01:00 AM', 'Thursday : 11:00 AM - 01:00 AM', 'Friday : 11:00 AM - 03:00 AM', 'Saturday : 11:00 AM - 03:00 AM', 'Sunday : 11:00 AM - 01:00 AM']",https://www5.pizzapizza.ca/restaurant-locator/Quebec/Longueuil
https://www.pizzapizza.ca/locations/,5508 Rue Sherbrooke Ouest,5508 Rue Sherbrooke Ouest,Montreal,QC,H4A1W2,CA,<MISSING>,<MISSING>,<MISSING>,<MISSING>,<MISSING>,"['Monday : 11:00 AM - 01:00 AM', 'Tuesday : 11:00 AM - 01:00 AM', 'Wednesday : 11:00 AM - 01:00 AM', 'Thursday : 11:00 AM - 01:00 AM', 'Friday : 11:00 AM - 03:00 AM', 'Saturday : 11:00 AM - 03:00 AM', 'Sunday : 11:00 AM - 01:00 AM']",https://www5.pizzapizza.ca/restaurant-locator/Quebec/Montreal
https://www.pizzapizza.ca/locations/,4911 Boulevard des Sources,4911 Boulevard des Sources,Pierrefonds,QC,H8Y3C8,CA,<MISSING>,<MISSING>,<MISSING>,<MISSING>,<MISSING>,"['Monday : 11:00 AM - 01:00 AM', 'Tuesday : 11:00 AM - 01:00 AM', 'Wednesday : 11:00 AM - 01:00 AM', 'Thursday : 11:00 AM - 01:00 AM', 'Friday : 11:00 AM - 03:00 AM', 'Saturday : 11:00 AM - 03:00 AM', 'Sunday : 11:00 AM - 01:00 AM']",https://www5.pizzapizza.ca/restaurant-locator/Quebec/Pierrefonds
https://www.pizzapizza.ca/locations/,12908 Rue Sherbrooke Est,12908 Rue Sherbrooke Est,Pointe-aux-Trembles,QC,H1A4Y3,CA,<MISSING>,<MISSING>,<MISSING>,<MISSING>,<MISSING>,"['Monday : 11:00 AM - 01:00 AM', 'Tuesday : 11:00 AM - 01:00 AM', 'Wednesday : 11:00 AM - 01:00 AM', 'Thursday : 11:00 AM - 01:00 AM', 'Friday : 11:00 AM - 03:00 AM', 'Saturday : 11:00 AM - 03:00 AM', 'Sunday : 11:00 AM - 01:00 AM']",https://www5.pizzapizza.ca/restaurant-locator/Quebec/Pointe-aux-Trembles
https://www.pizzapizza.ca/locations/,8000 Boulevard Henri Bourassa,8000 Boulevard Henri Bourassa,Riviere Des Prairies,QC,H1E1P2,CA,<MISSING>,<MISSING>,<MISSING>,<MISSING>,<MISSING>,"['Monday : 11:00 AM - 11:59 PM', 'Tuesday : 11:00 AM - 11:59 PM', 'Wednesday : 11:00 AM - 11:59 PM', 'Thursday : 11:00 AM - 11:59 PM', 'Friday : 11:00 AM - 01:00 AM', 'Saturday : 11:00 AM - 01:00 AM', 'Sunday : 11:00 AM - 11:59 PM']",https://www5.pizzapizza.ca/restaurant-locator/Quebec/Riviere_Des_Prairies
https://www.pizzapizza.ca/locations/,679 Lariviere Avenue,679 Lariviere Avenue,Rouyn,QC,J9X4K1,CA,<MISSING>,<MISSING>,<MISSING>,<MISSING>,<MISSING>,"['Monday : 11:00 AM - 10:00 PM', 'Tuesday : 11:00 AM - 10:00 PM', 'Wednesday : 11:00 AM - 10:00 PM', 'Thursday : 11:00 AM - 10:00 PM', 'Friday : 11:00 AM - 11:00 PM', 'Saturday : 11:00 AM - 10:00 PM', 'Sunday : 11:00 AM - 10:00 PM']",https://www5.pizzapizza.ca/restaurant-locator/Quebec/Rouyn
https://www.pizzapizza.ca/locations/,1000 Boulevard Decarie,1000 Boulevard Decarie,Saint Laurent,QC,H4L3M5,CA,<MISSING>,<MISSING>,<MISSING>,<MISSING>,<MISSING>,"['Monday : 11:00 AM - 01:00 AM', 'Tuesday : 11:00 AM - 01:00 AM', 'Wednesday : 11:00 AM - 01:00 AM', 'Thursday : 11:00 AM - 01:00 AM', 'Friday : 11:00 AM - 03:00 AM', 'Saturday : 11:00 AM - 03:00 AM', 'Sunday : 11:00 AM - 01:00 AM']",https://www5.pizzapizza.ca/restaurant-locator/Quebec/Saint_Laurent
https://www.pizzapizza.ca/locations/,5980 Boulevard Cousineau,5980 Boulevard Cousineau,Saint-Hubert,QC,J3Y7R9,CA,<MISSING>,<MISSING>,<MISSING>,<MISSING>,<MISSING>,"['Monday : 11:00 AM - 01:00 AM', 'Tuesday : 11:00 AM - 01:00 AM', 'Wednesday : 11:00 AM - 01:00 AM', 'Thursday : 11:00 AM - 01:00 AM', 'Friday : 11:00 AM - 03:00 AM', 'Saturday : 11:00 AM - 03:00 AM', 'Sunday : 11:00 AM - 01:00 AM']",https://www5.pizzapizza.ca/restaurant-locator/Quebec/Saint-Hubert
https://www.pizzapizza.ca/locations/,8705 Boulevard Viau,8705 Boulevard Viau,Sainte Leonard,QC,H1R2T9,CA,<MISSING>,<MISSING>,<MISSING>,<MISSING>,<MISSING>,"['Monday : 11:00 AM - 01:00 AM', 'Tuesday : 11:00 AM - 01:00 AM', 'Wednesday : 11:00 AM - 01:00 AM', 'Thursday : 11:00 AM - 01:00 AM', 'Friday : 11:00 AM - 03:00 AM', 'Saturday : 11:00 AM - 03:00 AM', 'Sunday : 11:00 AM - 01:00 AM']",https://www5.pizzapizza.ca/restaurant-locator/Quebec/Sainte_Leonard
https://www.pizzapizza.ca/locations/,286 Boulevard Cure Labelle,286 Boulevard Cure Labelle,Sainte-Therese,QC,J7E2X9,CA,<MISSING>,<MISSING>,<MISSING>,<MISSING>,<MISSING>,"['Monday : 11:00 AM - 01:00 AM', 'Tuesday : 11:00 AM - 01:00 AM', 'Wednesday : 11:00 AM - 01:00 AM', 'Thursday : 11:00 AM - 01:00 AM', 'Friday : 11:00 AM - 03:00 AM', 'Saturday : 11:00 AM - 03:00 AM', 'Sunday : 11:00 AM - 01:00 AM']",https://www5.pizzapizza.ca/restaurant-locator/Quebec/Sainte-Therese
https://www.pizzapizza.ca/locations/,2755 Rue King Ouest,2755 Rue King Ouest,Sherbrooke,QC,J1L1C1,CA,<MISSING>,<MISSING>,<MISSING>,<MISSING>,<MISSING>,"['Monday : 11:00 AM - 10:59 PM', 'Tuesday : 11:00 AM - 10:59 PM', 'Wednesday : 11:00 AM - 10:59 PM', 'Thursday : 11:00 AM - 01:00 AM', 'Friday : 11:00 AM - 01:00 AM', 'Saturday : 11:00 AM - 01:00 AM', 'Sunday : 11:00 AM - 10:59 PM']",https://www5.pizzapizza.ca/restaurant-locator/Quebec/Sherbrooke
https://www.pizzapizza.ca/locations/,3061 Boulvard De La Gare,3061 Boulvard De La Gare,Vaudreuil-Dorion,QC,J7V9B9,CA,<MISSING>,<MISSING>,<MISSING>,<MISSING>,<MISSING>,"['Monday : 11:00 AM - 01:00 AM', 'Tuesday : 11:00 AM - 01:00 AM', 'Wednesday : 11:00 AM - 01:00 AM', 'Thursday : 11:00 AM - 01:00 AM', 'Friday : 11:00 AM - 03:00 AM', 'Saturday : 11:00 AM - 03:00 AM', 'Sunday : 11:00 AM - 01:00 AM']",https://www5.pizzapizza.ca/restaurant-locator/Quebec/Vaudreuil-Dorion
https://www.pizzapizza.ca/locations/,4073 Rue Wellington,4073 Rue Wellington,Verdun,QC,H4G1V6,CA,<MISSING>,<MISSING>,<MISSING>,<MISSING>,<MISSING>,"['Monday : 11:00 AM - 01:00 AM', 'Tuesday : 11:00 AM - 01:00 AM', 'Wednesday : 11:00 AM - 01:00 AM', 'Thursday : 11:00 AM - 01:00 AM', 'Friday : 11:00 AM - 03:00 AM', 'Saturday : 11:00 AM - 03:00 AM', 'Sunday : 11:00 AM - 01:00 AM']",https://www5.pizzapizza.ca/restaurant-locator/Quebec/Verdun
https://www.pizzapizza.ca/locations/,4461 Lougheed Hwy,4461 Lougheed Hwy,Burnaby,BC,V5C3Z2,CA,<MISSING>,<MISSING>,<MISSING>,<MISSING>,<MISSING>,"['Monday : 11:00 AM - 01:59 AM', 'Tuesday : 11:00 AM - 01:59 AM', 'Wednesday : 11:00 AM - 01:59 AM', 'Thursday : 11:00 AM - 01:59 AM', 'Friday : 11:00 AM - 01:59 AM', 'Saturday : 11:00 AM - 01:00 AM', 'Sunday : 11:00 AM - 01:59 AM']",https://www5.pizzapizza.ca/restaurant-locator/British_Columbia/Burnaby
https://www.pizzapizza.ca/locations/,8380 112 Street,8380 112 Street,Delta,BC,V4C7A2,CA,<MISSING>,<MISSING>,<MISSING>,<MISSING>,<MISSING>,"['Monday : 11:00 AM - 12:00 AM', 'Tuesday : 11:00 AM - 12:00 AM', 'Wednesday : 11:00 AM - 12:00 AM', 'Thursday : 11:00 AM - 12:00 AM', 'Friday : 11:00 AM - 01:59 AM', 'Saturday : 11:00 AM - 01:00 AM', 'Sunday : 11:00 AM - 12:00 AM']",https://www5.pizzapizza.ca/restaurant-locator/British_Columbia/Delta
https://www.pizzapizza.ca/locations/,527 Sixth Street,527 Sixth Street,New Westminster,BC,V3L3B9,CA,<MISSING>,<MISSING>,<MISSING>,<MISSING>,<MISSING>,"['Monday : 11:00 AM - 12:00 AM', 'Tuesday : 11:00 AM - 12:00 AM', 'Wednesday : 11:00 AM - 12:00 AM', 'Thursday : 11:00 AM - 12:00 AM', 'Friday : 11:00 AM - 01:55 AM', 'Saturday : 11:00 AM - 01:00 AM', 'Sunday : 11:00 AM - 12:00 AM']",https://www5.pizzapizza.ca/restaurant-locator/British_Columbia/New_Westminster
https://www.pizzapizza.ca/locations/,2370 152 Street,2370 152 Street,Surrey,BC,V4A4N9,CA,<MISSING>,<MISSING>,<MISSING>,<MISSING>,<MISSING>,"['Monday : 11:00 AM - 12:00 AM', 'Tuesday : 11:00 AM - 12:00 AM', 'Wednesday : 11:00 AM - 12:00 AM', 'Thursday : 11:00 AM - 12:00 AM', 'Friday : 11:00 AM - 01:59 AM', 'Saturday : 11:00 AM - 01:00 AM', 'Sunday : 11:00 AM - 12:00 AM']",https://www5.pizzapizza.ca/restaurant-locator/British_Columbia/Surrey
https://www.pizzapizza.ca/locations/,1893 Cornwall Avenue,1893 Cornwall Avenue,Vancouver,BC,V6J1C6,CA,<MISSING>,<MISSING>,<MISSING>,<MISSING>,<MISSING>,"['Monday : 11:00 AM - 01:59 AM', 'Tuesday : 11:00 AM - 01:59 AM', 'Wednesday : 11:00 AM - 01:59 AM', 'Thursday : 11:00 AM - 01:59 AM', 'Friday : 11:00 AM - 01:59 AM', 'Saturday : 11:00 AM - 01:00 AM', 'Sunday : 11:00 AM - 01:59 AM']",https://www5.pizzapizza.ca/restaurant-locator/British_Columbia/Vancouver
https://www.pizzapizza.ca/locations/,510 First Street,510 First Street,Brandon,MB,R7A2X1,CA,<MISSING>,<MISSING>,<MISSING>,<MISSING>,<MISSING>,"['Monday : 11:00 AM - 11:59 PM', 'Tuesday : 11:00 AM - 11:59 PM', 'Wednesday : 11:00 AM - 11:59 PM', 'Thursday : 11:00 AM - 11:59 PM', 'Friday : 11:00 AM - 02:00 AM', 'Saturday : 11:00 AM - 02:00 AM', 'Sunday : 11:00 AM - 11:59 PM']",https://www5.pizzapizza.ca/restaurant-locator/Manitoba/Brandon
https://www.pizzapizza.ca/locations/,2677 Pembina Highway,2677 Pembina Highway,Winnipeg,MB,R3T2H5,CA,<MISSING>,<MISSING>,<MISSING>,<MISSING>,<MISSING>,"['Monday : 11:00 AM - 11:59 PM', 'Tuesday : 11:00 AM - 11:59 PM', 'Wednesday : 11:00 AM - 11:59 PM', 'Thursday : 11:00 AM - 11:59 PM', 'Friday : 11:00 AM - 02:00 AM', 'Saturday : 11:00 AM - 02:00 AM', 'Sunday : 11:00 AM - 11:59 PM']",https://www5.pizzapizza.ca/restaurant-locator/Manitoba/Winnipeg
https://www.pizzapizza.ca/locations/,3806 Albert Street,3806 Albert Street,Regina,SK,S4S3R1,CA,<MISSING>,<MISSING>,<MISSING>,<MISSING>,<MISSING>,"['Monday : 11:00 AM - 01:00 AM', 'Tuesday : 11:00 AM - 12:00 AM', 'Wednesday : 11:00 AM - 12:00 AM', 'Thursday : 11:00 AM - 12:00 AM', 'Friday : 11:00 AM - 02:00 AM', 'Saturday : 11:00 AM - 02:00 AM', 'Sunday : 11:00 AM - 12:00 AM']",https://www5.pizzapizza.ca/restaurant-locator/Saskatchewan/Regina
https://www.pizzapizza.ca/locations/,4 Forest Hills Parkway,4 Forest Hills Parkway,Cole Harbour,NS,B2W5G7,CA,<MISSING>,<MISSING>,<MISSING>,<MISSING>,<MISSING>,"['Monday : 11:00 AM - 11:00 PM', 'Tuesday : 11:00 AM - 11:00 PM', 'Wednesday : 11:00 AM - 11:00 PM', 'Thursday : 11:00 AM - 11:00 PM', 'Friday : 11:00 AM - 12:59 AM', 'Saturday : 11:00 AM - 12:59 AM', 'Sunday : 11:00 AM - 11:00 PM']",https://www5.pizzapizza.ca/restaurant-locator/Nova_Scotia/Cole_Harbour
https://www.pizzapizza.ca/locations/,1565  Argyle St.,1565  Argyle St.,Halifax,NS,B3J2B2,CA,<MISSING>,<MISSING>,<MISSING>,<MISSING>,<MISSING>,"['Monday : 11:00 AM - 11:59 PM', 'Tuesday : 11:00 AM - 11:59 PM', 'Wednesday : 11:00 AM - 11:59 PM', 'Thursday : 11:00 AM - 02:00 AM', 'Friday : 11:00 AM - 04:00 AM', 'Saturday : 11:00 AM - 04:00 AM', 'Sunday : 11:00 AM - 11:59 PM']",https://www5.pizzapizza.ca/restaurant-locator/Nova_Scotia/Halifax
